{"cameraMode":{"drawMode":0,"name":"Shaded","section":"Shading Mode"},"sceneLighting":true,"audioPlay":false,"sceneViewState":{"showFog":true,"showMaterialUpdate":true,"showSkybox":true,"showFlares":true,"showImageEffects":true,"showParticleSystems":true},"in2DMode":false,"pivot":{"x":266.11260986328127,"y":85.88140106201172,"z":295.8786315917969},"rotation":{"x":-0.2390758991241455,"y":0.004368816036731005,"z":-0.0010776075068861247,"w":-0.9709928035736084},"size":99.28942108154297,"orthographic":false}