{"cameraMode":{"drawMode":0,"name":"Shaded","section":"Shading Mode"},"sceneLighting":true,"audioPlay":false,"sceneViewState":{"showFog":true,"showMaterialUpdate":true,"showSkybox":true,"showFlares":true,"showImageEffects":true,"showParticleSystems":true},"in2DMode":false,"pivot":{"x":-39.303131103515628,"y":-3.438790798187256,"z":40.570213317871097},"rotation":{"x":0.21850422024726869,"y":0.6564295291900635,"z":-0.20738008618354798,"w":0.6916369199752808},"size":15.202031135559082,"orthographic":false}