{"cameraMode":{"drawMode":0,"name":"Shaded","section":"Shading Mode"},"sceneLighting":true,"audioPlay":false,"sceneViewState":{"showFog":true,"showMaterialUpdate":true,"showSkybox":true,"showFlares":true,"showImageEffects":true,"showParticleSystems":true},"in2DMode":false,"pivot":{"x":322.708984375,"y":78.45909881591797,"z":117.49909973144531},"rotation":{"x":-0.2390758991241455,"y":0.004368816036731005,"z":-0.0010776075068861247,"w":-0.9709928035736084},"size":16.1315975189209,"orthographic":false}