{"cameraMode":{"drawMode":0,"name":"Shaded","section":"Shading Mode"},"sceneLighting":true,"audioPlay":false,"sceneViewState":{"showFog":true,"showMaterialUpdate":true,"showSkybox":true,"showFlares":true,"showImageEffects":true,"showParticleSystems":true},"in2DMode":false,"pivot":{"x":739.4371337890625,"y":80.36442565917969,"z":570.89990234375},"rotation":{"x":0.29472872614860537,"y":0.3490166962146759,"z":-0.11659354716539383,"w":0.8819382190704346},"size":423.11395263671877,"orthographic":false}