{"cameraMode":{"drawMode":0,"name":"Shaded","section":"Shading Mode"},"sceneLighting":true,"audioPlay":false,"sceneViewState":{"showFog":true,"showMaterialUpdate":true,"showSkybox":true,"showFlares":true,"showImageEffects":true,"showParticleSystems":true},"in2DMode":false,"pivot":{"x":-53.82170867919922,"y":0.10424089431762696,"z":63.31981658935547},"rotation":{"x":-0.37295395135879519,"y":0.19539059698581696,"z":-0.08066034317016602,"w":-0.9034543633460999},"size":1.5931577682495118,"orthographic":false}