{"cameraMode":{"drawMode":0,"name":"Shaded","section":"Shading Mode"},"sceneLighting":true,"audioPlay":false,"sceneViewState":{"showFog":true,"showMaterialUpdate":true,"showSkybox":true,"showFlares":true,"showImageEffects":true,"showParticleSystems":true},"in2DMode":false,"pivot":{"x":-42.18214797973633,"y":1.2370800971984864,"z":65.46553802490235},"rotation":{"x":-0.00030792513280175626,"y":0.9780369400978088,"z":-0.2084609717130661,"w":-0.0014584973687306047},"size":2.1010947227478029,"orthographic":false}