{"cameraMode":{"drawMode":0,"name":"Shaded","section":"Shading Mode"},"sceneLighting":true,"audioPlay":false,"sceneViewState":{"showFog":true,"showMaterialUpdate":true,"showSkybox":true,"showFlares":true,"showImageEffects":true,"showParticleSystems":true},"in2DMode":false,"pivot":{"x":255.86749267578126,"y":46.15998840332031,"z":-46.91210174560547},"rotation":{"x":-0.27145278453826907,"y":0.05713643133640289,"z":-0.016140593215823175,"w":-0.9606279730796814},"size":10.0,"orthographic":false}